cpu_usage_pct,mem_usage_pct,current_instance,recommended_instance
86,19,t3.large,c6i.large
36,33,m6i.small,m6i.small
91,99,t3.2xlarge,t3.2xlarge
59,9,t3.small,t3.small
32,34,t3.2xlarge,t3.2xlarge
30,96,c6i.medium,r6i.medium
62,80,r6i.small,r6i.small
25,94,c6i.large,r6i.large
40,24,m6i.large,m6i.large
18,16,c6i.small,c6i.small
50,49,r6i.small,r6i.small
98,63,t3.xlarge,t3.2xlarge
15,75,r6i.2xlarge,r6i.2xlarge
51,78,m6i.small,m6i.small
10,89,m6i.large,r6i.large
15,34,t3.xlarge,t3.xlarge
40,63,r6i.medium,r6i.medium
52,50,m6i.large,m6i.large
94,92,t3.2xlarge,t3.2xlarge
86,26,m6i.medium,c6i.medium
64,53,r6i.2xlarge,r6i.2xlarge
33,92,r6i.small,r6i.small
34,9,r6i.xlarge,r6i.xlarge
39,13,m6i.2xlarge,m6i.2xlarge
96,45,m6i.xlarge,c6i.xlarge
55,87,c6i.medium,r6i.medium
38,22,m6i.2xlarge,m6i.2xlarge
73,38,c6i.2xlarge,c6i.2xlarge
56,51,m6i.medium,m6i.medium
70,68,t3.small,t3.small
19,24,m6i.xlarge,m6i.large
81,13,c6i.xlarge,c6i.xlarge
81,64,r6i.2xlarge,r6i.2xlarge
6,92,t3.2xlarge,r6i.2xlarge
39,87,r6i.small,r6i.small
42,60,m6i.xlarge,m6i.xlarge
5,97,r6i.2xlarge,r6i.2xlarge
27,69,t3.large,t3.large
86,69,m6i.medium,m6i.large
52,25,t3.2xlarge,t3.2xlarge
46,67,t3.small,t3.small
51,44,m6i.small,m6i.small
35,77,t3.small,t3.small
98,67,t3.2xlarge,t3.2xlarge
21,21,c6i.2xlarge,c6i.xlarge
26,38,c6i.medium,c6i.medium
74,98,m6i.large,m6i.2xlarge
56,90,r6i.xlarge,r6i.xlarge
71,62,t3.medium,t3.medium
33,13,r6i.small,r6i.small
80,75,m6i.2xlarge,m6i.2xlarge
33,5,t3.small,t3.small
34,13,t3.large,t3.large
14,70,m6i.large,m6i.large
90,67,m6i.2xlarge,m6i.2xlarge
21,97,c6i.medium,r6i.medium
65,57,m6i.small,m6i.small
17,89,c6i.large,r6i.large
59,57,c6i.small,c6i.small
91,88,t3.small,t3.medium
56,98,r6i.small,r6i.small
36,29,m6i.2xlarge,m6i.2xlarge
62,22,c6i.medium,c6i.medium
40,64,m6i.small,m6i.small
61,75,t3.small,t3.small
88,74,t3.small,t3.medium
35,26,c6i.xlarge,c6i.xlarge
66,32,c6i.small,c6i.small
26,53,t3.xlarge,t3.xlarge
38,63,r6i.xlarge,r6i.xlarge
94,98,c6i.medium,c6i.xlarge
29,42,m6i.small,m6i.small
79,99,t3.large,t3.2xlarge
12,11,c6i.2xlarge,c6i.large
72,25,t3.2xlarge,t3.2xlarge
15,28,t3.2xlarge,t3.xlarge
13,91,m6i.xlarge,r6i.xlarge
20,77,m6i.2xlarge,m6i.2xlarge
81,10,t3.xlarge,t3.xlarge
89,79,r6i.large,r6i.xlarge
31,90,r6i.medium,r6i.medium
38,55,m6i.large,m6i.large
63,45,t3.small,t3.small
63,84,t3.small,t3.small
73,32,r6i.medium,r6i.medium
49,13,m6i.large,m6i.large
41,25,c6i.2xlarge,c6i.2xlarge
95,43,t3.2xlarge,c6i.2xlarge
43,89,t3.medium,r6i.medium
38,19,t3.2xlarge,t3.2xlarge
24,39,r6i.2xlarge,r6i.2xlarge
31,96,r6i.medium,r6i.medium
92,86,r6i.2xlarge,r6i.2xlarge
67,37,t3.small,t3.small
86,59,r6i.small,c6i.small
5,47,m6i.large,m6i.large
25,99,c6i.2xlarge,r6i.2xlarge
95,59,t3.small,c6i.small
14,93,m6i.2xlarge,r6i.2xlarge
9,52,m6i.xlarge,m6i.xlarge
21,10,r6i.large,r6i.medium
10,50,m6i.medium,m6i.medium
90,18,r6i.2xlarge,c6i.2xlarge
57,84,m6i.medium,m6i.medium
25,27,c6i.small,c6i.small
27,99,r6i.xlarge,r6i.xlarge
90,99,m6i.large,m6i.2xlarge
25,94,t3.xlarge,r6i.xlarge
9,65,m6i.medium,m6i.medium
63,49,r6i.medium,r6i.medium
33,8,m6i.xlarge,m6i.xlarge
47,40,t3.large,t3.large
49,87,c6i.2xlarge,r6i.2xlarge
47,8,t3.large,t3.large
27,79,r6i.small,r6i.small
18,81,c6i.large,c6i.large
98,45,c6i.2xlarge,c6i.2xlarge
70,19,c6i.2xlarge,c6i.2xlarge
29,37,t3.xlarge,t3.xlarge
5,71,m6i.large,m6i.large
60,13,r6i.2xlarge,r6i.2xlarge
45,89,t3.large,r6i.large
69,44,c6i.large,c6i.large
56,94,r6i.2xlarge,r6i.2xlarge
21,29,c6i.xlarge,c6i.large
91,27,r6i.xlarge,c6i.xlarge
75,5,r6i.large,r6i.large
31,60,r6i.xlarge,r6i.xlarge
61,61,m6i.2xlarge,m6i.2xlarge
65,99,m6i.small,m6i.large
41,70,r6i.small,r6i.small
35,91,r6i.medium,r6i.medium
30,23,t3.small,t3.small
36,65,t3.xlarge,t3.xlarge
58,85,m6i.xlarge,r6i.xlarge
68,56,m6i.medium,m6i.medium
88,93,t3.small,t3.medium
59,33,m6i.2xlarge,m6i.2xlarge
64,11,m6i.small,m6i.small
63,22,c6i.2xlarge,c6i.2xlarge
76,81,r6i.xlarge,r6i.xlarge
83,97,c6i.2xlarge,c6i.2xlarge
62,25,c6i.xlarge,c6i.xlarge
38,36,r6i.2xlarge,r6i.2xlarge
67,85,m6i.large,m6i.xlarge
61,14,r6i.medium,r6i.medium
39,47,r6i.2xlarge,r6i.2xlarge
15,22,m6i.medium,m6i.small
54,93,m6i.medium,r6i.medium
13,58,c6i.large,c6i.large
74,64,c6i.small,c6i.small
31,58,c6i.2xlarge,c6i.2xlarge
94,7,c6i.xlarge,c6i.xlarge
5,50,r6i.xlarge,r6i.xlarge
58,73,m6i.xlarge,m6i.xlarge
33,39,c6i.xlarge,c6i.xlarge
8,54,r6i.xlarge,r6i.xlarge
97,26,c6i.medium,c6i.medium
84,73,t3.xlarge,t3.xlarge
80,77,t3.small,t3.small
87,59,m6i.xlarge,c6i.xlarge
28,11,r6i.xlarge,r6i.large
46,32,c6i.large,c6i.large
48,53,r6i.xlarge,r6i.xlarge
37,15,c6i.small,c6i.small
74,11,r6i.medium,r6i.medium
88,13,t3.small,c6i.small
36,30,t3.2xlarge,t3.2xlarge
24,35,m6i.xlarge,m6i.xlarge
90,19,m6i.xlarge,c6i.xlarge
94,37,r6i.medium,c6i.medium
82,82,t3.medium,t3.medium
44,18,t3.large,t3.large
78,91,c6i.xlarge,c6i.2xlarge
96,30,t3.2xlarge,c6i.2xlarge
93,85,m6i.small,m6i.medium
94,43,t3.2xlarge,c6i.2xlarge
10,49,c6i.large,c6i.large
13,69,r6i.small,r6i.small
58,67,t3.xlarge,t3.xlarge
51,86,c6i.medium,r6i.medium
60,27,r6i.2xlarge,r6i.2xlarge
73,66,c6i.xlarge,c6i.xlarge
98,80,r6i.large,r6i.2xlarge
36,16,r6i.xlarge,r6i.xlarge
36,64,c6i.large,c6i.large
8,68,r6i.medium,r6i.medium
67,32,r6i.large,r6i.large
48,40,r6i.2xlarge,r6i.2xlarge
6,71,m6i.small,m6i.small
35,97,c6i.xlarge,r6i.xlarge
76,35,c6i.xlarge,c6i.xlarge
62,7,t3.large,t3.large
33,56,m6i.large,m6i.large
89,79,r6i.xlarge,r6i.2xlarge
75,72,r6i.xlarge,r6i.xlarge
75,47,r6i.xlarge,r6i.xlarge
39,44,r6i.medium,r6i.medium
20,97,m6i.large,r6i.large
20,73,m6i.medium,m6i.medium
32,99,c6i.large,r6i.large
97,80,r6i.small,r6i.large
29,42,m6i.large,m6i.large
27,43,t3.2xlarge,t3.2xlarge
21,40,t3.small,t3.small
75,42,m6i.xlarge,m6i.xlarge
18,6,r6i.xlarge,r6i.medium
66,61,r6i.medium,r6i.medium
11,37,c6i.small,c6i.small
13,56,c6i.small,c6i.small
78,85,t3.medium,t3.large
24,77,r6i.small,r6i.small
36,20,c6i.2xlarge,c6i.2xlarge
81,84,m6i.2xlarge,m6i.2xlarge
53,62,c6i.large,c6i.large
80,59,r6i.2xlarge,r6i.2xlarge
84,12,t3.medium,t3.medium
85,32,r6i.small,c6i.small
25,35,m6i.2xlarge,m6i.2xlarge
14,25,t3.xlarge,t3.large
62,93,c6i.large,c6i.xlarge
9,34,r6i.large,r6i.large
94,63,t3.medium,t3.large
38,85,m6i.xlarge,r6i.xlarge
19,74,m6i.medium,m6i.medium
39,23,t3.small,t3.small
26,44,r6i.xlarge,r6i.xlarge
20,64,r6i.xlarge,r6i.xlarge
39,69,c6i.xlarge,c6i.xlarge
15,81,t3.xlarge,t3.xlarge
99,46,r6i.small,c6i.small
16,34,t3.large,t3.large
78,10,m6i.xlarge,m6i.xlarge
71,88,c6i.large,c6i.xlarge
28,79,c6i.xlarge,c6i.xlarge
16,65,r6i.xlarge,r6i.xlarge
47,46,t3.medium,t3.medium
47,57,c6i.large,c6i.large
89,56,t3.xlarge,c6i.xlarge
16,45,r6i.large,r6i.large
19,56,t3.2xlarge,t3.2xlarge
64,57,t3.medium,t3.medium
71,51,c6i.xlarge,c6i.xlarge
11,31,r6i.2xlarge,r6i.2xlarge
21,41,c6i.xlarge,c6i.xlarge
20,8,m6i.medium,m6i.small
44,75,t3.2xlarge,t3.2xlarge
57,16,m6i.small,m6i.small
64,20,m6i.xlarge,m6i.xlarge
96,42,r6i.xlarge,c6i.xlarge
66,65,m6i.xlarge,m6i.xlarge
75,23,c6i.medium,c6i.medium
81,70,m6i.small,m6i.small
40,58,r6i.2xlarge,r6i.2xlarge
39,5,r6i.large,r6i.large
80,79,c6i.medium,c6i.medium
62,73,c6i.large,c6i.large
47,75,c6i.xlarge,c6i.xlarge
46,29,m6i.2xlarge,m6i.2xlarge
54,34,c6i.small,c6i.small
45,65,c6i.xlarge,c6i.xlarge
89,88,m6i.xlarge,m6i.2xlarge
9,21,r6i.small,r6i.small
61,17,c6i.small,c6i.small
97,23,c6i.medium,c6i.medium
14,65,r6i.large,r6i.large
84,93,c6i.small,c6i.medium
47,91,c6i.large,r6i.large
85,96,c6i.2xlarge,c6i.2xlarge
9,84,t3.medium,t3.medium
85,92,r6i.medium,r6i.large
16,60,t3.small,t3.small
61,26,r6i.small,r6i.small
10,46,t3.large,t3.large
50,52,c6i.medium,c6i.medium
36,72,c6i.2xlarge,c6i.2xlarge
92,28,m6i.medium,c6i.medium
15,83,c6i.2xlarge,c6i.2xlarge
92,35,c6i.2xlarge,c6i.2xlarge
23,34,c6i.large,c6i.large
63,37,t3.xlarge,t3.xlarge
41,91,m6i.small,r6i.small
61,49,r6i.xlarge,r6i.xlarge
93,37,c6i.large,c6i.large
30,54,c6i.small,c6i.small
35,53,r6i.2xlarge,r6i.2xlarge
42,94,r6i.small,r6i.small
89,55,r6i.small,c6i.small
77,92,t3.2xlarge,t3.2xlarge
68,41,m6i.2xlarge,m6i.2xlarge
50,33,m6i.2xlarge,m6i.2xlarge
37,91,m6i.small,r6i.small
85,87,t3.large,t3.xlarge
61,9,r6i.medium,r6i.medium
16,42,r6i.xlarge,r6i.xlarge
27,30,m6i.2xlarge,m6i.2xlarge
51,72,r6i.medium,r6i.medium
37,66,r6i.large,r6i.large
19,64,t3.medium,t3.medium
33,91,c6i.2xlarge,r6i.2xlarge
51,16,c6i.small,c6i.small
38,73,t3.xlarge,t3.xlarge
52,91,r6i.2xlarge,r6i.2xlarge
53,86,r6i.small,r6i.small
91,34,c6i.small,c6i.small
84,76,r6i.2xlarge,r6i.2xlarge
33,87,t3.xlarge,r6i.xlarge
94,43,c6i.small,c6i.small
22,10,t3.large,t3.medium
68,19,t3.medium,t3.medium
73,22,c6i.xlarge,c6i.xlarge
52,90,c6i.2xlarge,r6i.2xlarge
98,24,c6i.small,c6i.small
67,83,c6i.large,c6i.large
9,93,r6i.medium,r6i.medium
61,61,m6i.large,m6i.large
17,92,r6i.2xlarge,r6i.2xlarge
87,50,t3.xlarge,c6i.xlarge
40,29,t3.xlarge,t3.xlarge
16,89,m6i.2xlarge,r6i.2xlarge
7,11,r6i.medium,r6i.small
21,77,m6i.small,m6i.small
75,31,m6i.medium,m6i.medium
47,23,t3.large,t3.large
23,21,r6i.medium,r6i.small
19,89,t3.medium,r6i.medium
6,50,m6i.2xlarge,m6i.2xlarge
46,7,m6i.large,m6i.large
11,21,c6i.2xlarge,c6i.xlarge
19,13,c6i.xlarge,c6i.medium
51,70,t3.xlarge,t3.xlarge
69,33,t3.2xlarge,t3.2xlarge
43,63,t3.small,t3.small
66,56,c6i.small,c6i.small
67,96,c6i.small,c6i.large
15,46,m6i.small,m6i.small
21,40,r6i.xlarge,r6i.xlarge
81,72,r6i.xlarge,r6i.xlarge
69,82,c6i.small,c6i.small
94,19,m6i.xlarge,c6i.xlarge
62,34,c6i.large,c6i.large
63,56,c6i.small,c6i.small
45,59,r6i.large,r6i.large
52,24,c6i.small,c6i.small
16,15,t3.xlarge,t3.medium
17,99,r6i.medium,r6i.medium
76,12,r6i.small,r6i.small
57,50,c6i.small,c6i.small
41,81,r6i.large,r6i.large
18,78,m6i.medium,m6i.medium
89,66,m6i.small,m6i.medium
49,76,r6i.small,r6i.small
40,78,m6i.xlarge,m6i.xlarge
76,84,t3.2xlarge,t3.2xlarge
89,93,r6i.small,r6i.medium
28,39,r6i.large,r6i.large
49,5,m6i.medium,m6i.medium
77,89,c6i.small,c6i.medium
23,99,t3.small,r6i.small
72,32,c6i.xlarge,c6i.xlarge
63,48,m6i.large,m6i.large
44,97,r6i.2xlarge,r6i.2xlarge
81,15,t3.medium,t3.medium
25,84,t3.small,t3.small
39,61,c6i.xlarge,c6i.xlarge
82,61,c6i.large,c6i.large
32,70,t3.large,t3.large
60,19,r6i.2xlarge,r6i.2xlarge
67,72,r6i.small,r6i.small
33,55,t3.small,t3.small
31,43,m6i.medium,m6i.medium
37,42,r6i.small,r6i.small
5,68,c6i.medium,c6i.medium
21,53,m6i.2xlarge,m6i.2xlarge
76,90,r6i.small,r6i.medium
55,99,t3.xlarge,r6i.xlarge
7,63,t3.large,t3.large
78,59,c6i.xlarge,c6i.xlarge
42,19,c6i.small,c6i.small
46,26,c6i.large,c6i.large
16,60,t3.medium,t3.medium
60,80,c6i.2xlarge,c6i.2xlarge
15,55,r6i.large,r6i.large
33,47,m6i.small,m6i.small
70,86,t3.2xlarge,t3.2xlarge
70,29,r6i.large,r6i.large
98,87,m6i.medium,m6i.xlarge
18,23,r6i.medium,r6i.small
27,82,m6i.small,m6i.small
27,85,c6i.xlarge,r6i.xlarge
77,79,c6i.2xlarge,c6i.2xlarge
87,86,r6i.large,r6i.xlarge
24,61,t3.xlarge,t3.xlarge
61,85,r6i.large,r6i.xlarge
80,12,r6i.2xlarge,r6i.2xlarge
14,44,c6i.xlarge,c6i.xlarge
9,12,r6i.large,r6i.small
14,87,t3.2xlarge,r6i.2xlarge
81,69,c6i.xlarge,c6i.xlarge
79,75,t3.xlarge,t3.xlarge
78,88,m6i.large,m6i.xlarge
82,65,m6i.small,m6i.small
62,18,r6i.small,r6i.small
69,87,m6i.small,m6i.medium
36,95,c6i.xlarge,r6i.xlarge
72,71,m6i.large,m6i.large
52,41,c6i.xlarge,c6i.xlarge
48,91,t3.large,r6i.large
13,47,t3.2xlarge,t3.2xlarge
91,54,r6i.large,c6i.large
97,89,m6i.large,m6i.2xlarge
15,79,m6i.large,m6i.large
44,88,c6i.medium,r6i.medium
81,95,t3.large,t3.2xlarge
76,53,r6i.medium,r6i.medium
90,94,t3.xlarge,t3.2xlarge
70,51,t3.large,t3.large
44,28,m6i.large,m6i.large
67,29,m6i.medium,m6i.medium
24,14,r6i.small,r6i.small
69,74,t3.large,t3.large
84,21,c6i.medium,c6i.medium
25,28,m6i.xlarge,m6i.large
10,57,r6i.medium,r6i.medium
61,83,r6i.xlarge,r6i.xlarge
34,73,m6i.large,m6i.large
65,29,r6i.2xlarge,r6i.2xlarge
61,64,r6i.xlarge,r6i.xlarge
69,72,c6i.medium,c6i.medium
30,82,m6i.large,m6i.large
11,87,c6i.large,r6i.large
75,18,t3.large,t3.large
15,25,r6i.xlarge,r6i.large
70,23,c6i.small,c6i.small
33,62,r6i.small,r6i.small
58,11,c6i.2xlarge,c6i.2xlarge
52,35,c6i.small,c6i.small
52,33,t3.large,t3.large
17,96,r6i.medium,r6i.medium
22,9,r6i.xlarge,r6i.large
94,22,c6i.xlarge,c6i.xlarge
83,5,t3.small,t3.small
37,32,m6i.2xlarge,m6i.2xlarge
98,82,c6i.small,c6i.large
41,35,r6i.small,r6i.small
11,35,c6i.2xlarge,c6i.2xlarge
63,13,t3.xlarge,t3.xlarge
81,73,t3.2xlarge,t3.2xlarge
78,35,m6i.large,m6i.large
59,5,r6i.medium,r6i.medium
78,58,m6i.small,m6i.small
72,51,t3.2xlarge,t3.2xlarge
74,69,t3.xlarge,t3.xlarge
65,10,c6i.large,c6i.large
37,7,r6i.small,r6i.small
49,35,t3.2xlarge,t3.2xlarge
99,47,m6i.small,c6i.small
50,74,r6i.medium,r6i.medium
92,64,c6i.medium,c6i.large
22,13,c6i.small,c6i.small
42,30,t3.medium,t3.medium
10,45,r6i.2xlarge,r6i.2xlarge
55,74,c6i.large,c6i.large
9,87,m6i.large,r6i.large
50,11,r6i.large,r6i.large
20,52,c6i.xlarge,c6i.xlarge
61,54,r6i.medium,r6i.medium
68,93,c6i.large,c6i.xlarge
71,39,t3.xlarge,t3.xlarge
15,60,m6i.2xlarge,m6i.2xlarge
42,46,t3.small,t3.small
46,89,r6i.large,r6i.large
62,82,c6i.medium,c6i.medium
93,61,r6i.xlarge,r6i.2xlarge
10,98,r6i.2xlarge,r6i.2xlarge
60,40,t3.small,t3.small
90,86,c6i.large,c6i.xlarge
70,91,m6i.small,m6i.medium
23,82,c6i.small,c6i.small
21,13,m6i.large,m6i.medium
51,54,t3.2xlarge,t3.2xlarge
24,91,c6i.large,r6i.large
52,61,t3.2xlarge,t3.2xlarge
22,72,r6i.xlarge,r6i.xlarge
45,88,r6i.medium,r6i.medium
19,8,m6i.xlarge,m6i.medium
71,54,t3.large,t3.large
38,95,c6i.medium,r6i.medium
83,41,c6i.medium,c6i.medium
20,22,t3.xlarge,t3.large
27,96,c6i.small,r6i.small
92,45,r6i.small,c6i.small
75,74,r6i.large,r6i.large
25,96,m6i.large,r6i.large
70,33,t3.medium,t3.medium
22,35,c6i.small,c6i.small
51,75,r6i.xlarge,r6i.xlarge
75,21,t3.small,t3.small
44,55,c6i.2xlarge,c6i.2xlarge
57,57,t3.medium,t3.medium
45,87,t3.xlarge,r6i.xlarge
64,92,r6i.medium,r6i.large
75,86,m6i.medium,m6i.large
60,69,t3.small,t3.small
71,24,r6i.medium,r6i.medium
25,46,m6i.large,m6i.large
71,41,t3.large,t3.large
30,86,r6i.medium,r6i.medium
85,43,t3.2xlarge,c6i.2xlarge
87,26,m6i.medium,c6i.medium
89,84,r6i.2xlarge,r6i.2xlarge
10,8,t3.small,t3.small
87,78,r6i.medium,r6i.large
78,58,t3.xlarge,t3.xlarge
85,74,r6i.large,r6i.xlarge
66,36,c6i.large,c6i.large
63,14,t3.medium,t3.medium
61,58,c6i.xlarge,c6i.xlarge
31,48,m6i.large,m6i.large
96,45,r6i.xlarge,c6i.xlarge
21,52,t3.large,t3.large
35,64,t3.large,t3.large
62,36,m6i.small,m6i.small
11,42,c6i.2xlarge,c6i.2xlarge
58,36,m6i.large,m6i.large
78,97,r6i.medium,r6i.xlarge
25,68,c6i.xlarge,c6i.xlarge
44,68,t3.small,t3.small
55,69,c6i.medium,c6i.medium
32,79,r6i.small,r6i.small
11,41,c6i.2xlarge,c6i.2xlarge
88,91,c6i.large,c6i.xlarge
73,6,t3.xlarge,t3.xlarge
22,38,r6i.xlarge,r6i.xlarge
51,10,c6i.small,c6i.small
77,76,m6i.large,m6i.large
75,41,t3.xlarge,t3.xlarge
69,62,r6i.2xlarge,r6i.2xlarge
92,83,t3.medium,t3.large
17,55,r6i.large,r6i.large
76,51,m6i.medium,m6i.medium
82,70,c6i.2xlarge,c6i.2xlarge
10,10,t3.medium,t3.small
96,47,c6i.2xlarge,c6i.2xlarge
63,24,m6i.large,m6i.large
83,45,m6i.xlarge,m6i.xlarge
83,99,r6i.2xlarge,r6i.2xlarge
48,69,c6i.2xlarge,c6i.2xlarge
43,65,t3.large,t3.large
47,91,t3.xlarge,r6i.xlarge
79,44,t3.2xlarge,t3.2xlarge
65,38,m6i.small,m6i.small
79,66,m6i.2xlarge,m6i.2xlarge
85,97,c6i.medium,c6i.xlarge
92,36,t3.2xlarge,c6i.2xlarge
94,19,m6i.small,c6i.small
61,45,c6i.medium,c6i.medium
57,93,m6i.xlarge,r6i.xlarge
69,83,c6i.small,c6i.small
95,22,m6i.2xlarge,c6i.2xlarge
46,89,c6i.2xlarge,r6i.2xlarge
53,45,m6i.xlarge,m6i.xlarge
73,48,r6i.large,r6i.large
83,66,m6i.medium,m6i.medium
40,76,r6i.medium,r6i.medium
43,41,m6i.xlarge,m6i.xlarge
45,66,r6i.2xlarge,r6i.2xlarge
97,40,r6i.small,c6i.small
78,91,c6i.xlarge,c6i.2xlarge
49,23,r6i.small,r6i.small
41,96,t3.large,r6i.large
61,88,r6i.xlarge,r6i.2xlarge
32,30,r6i.2xlarge,r6i.2xlarge
94,39,m6i.small,c6i.small
83,99,m6i.medium,m6i.xlarge
11,90,m6i.medium,r6i.medium
11,17,c6i.large,c6i.small
96,65,t3.medium,t3.xlarge
5,75,m6i.xlarge,m6i.xlarge
88,65,c6i.medium,c6i.large
41,46,r6i.small,r6i.small
16,88,m6i.2xlarge,r6i.2xlarge
99,97,t3.medium,t3.xlarge
58,27,t3.xlarge,t3.xlarge
68,28,r6i.small,r6i.small
6,43,t3.large,t3.large
41,63,c6i.medium,c6i.medium
69,64,r6i.medium,r6i.medium
19,47,m6i.xlarge,m6i.xlarge
87,37,m6i.small,c6i.small
99,48,r6i.2xlarge,c6i.2xlarge
91,29,m6i.2xlarge,c6i.2xlarge
86,56,c6i.2xlarge,c6i.2xlarge
46,16,c6i.small,c6i.small
28,22,c6i.large,c6i.medium
36,5,r6i.xlarge,r6i.xlarge
35,62,r6i.large,r6i.large
43,79,t3.large,t3.large
88,51,m6i.small,c6i.small
90,20,c6i.large,c6i.large
25,56,r6i.small,r6i.small
86,42,r6i.2xlarge,c6i.2xlarge
33,33,m6i.xlarge,m6i.xlarge
24,63,r6i.xlarge,r6i.xlarge
94,75,c6i.2xlarge,c6i.2xlarge
90,32,m6i.2xlarge,c6i.2xlarge
15,72,c6i.2xlarge,c6i.2xlarge
95,51,t3.2xlarge,c6i.2xlarge
19,12,m6i.2xlarge,m6i.large
73,24,m6i.large,m6i.large
71,61,t3.medium,t3.medium
96,79,c6i.small,c6i.large
70,62,t3.xlarge,t3.xlarge
21,70,c6i.xlarge,c6i.xlarge
77,12,c6i.large,c6i.large
97,7,c6i.large,c6i.large
5,32,t3.small,t3.small
59,49,t3.2xlarge,t3.2xlarge
12,13,c6i.small,c6i.small
41,57,m6i.medium,m6i.medium
87,98,c6i.large,c6i.2xlarge
53,62,c6i.xlarge,c6i.xlarge
15,92,m6i.large,r6i.large
20,27,c6i.2xlarge,c6i.xlarge
21,98,m6i.small,r6i.small
7,43,c6i.2xlarge,c6i.2xlarge
59,73,c6i.medium,c6i.medium
36,63,r6i.medium,r6i.medium
40,29,t3.small,t3.small
89,58,t3.medium,c6i.medium
31,13,t3.2xlarge,t3.2xlarge
9,62,t3.medium,t3.medium
99,10,c6i.xlarge,c6i.xlarge
34,74,m6i.small,m6i.small
22,69,r6i.medium,r6i.medium
98,78,r6i.2xlarge,r6i.2xlarge
81,91,r6i.medium,r6i.large
43,23,m6i.xlarge,m6i.xlarge
43,40,t3.2xlarge,t3.2xlarge
80,99,m6i.xlarge,m6i.2xlarge
76,68,t3.large,t3.large
87,90,c6i.2xlarge,c6i.2xlarge
45,94,c6i.xlarge,r6i.xlarge
24,43,c6i.medium,c6i.medium
73,65,m6i.medium,m6i.medium
43,95,m6i.xlarge,r6i.xlarge
12,76,c6i.xlarge,c6i.xlarge
76,72,m6i.xlarge,m6i.xlarge
36,37,m6i.large,m6i.large
87,15,c6i.large,c6i.large
16,73,m6i.small,m6i.small
39,53,t3.small,t3.small
29,80,m6i.xlarge,m6i.xlarge
31,47,r6i.small,r6i.small
32,29,t3.xlarge,t3.xlarge
36,94,m6i.xlarge,r6i.xlarge
35,75,r6i.large,r6i.large
53,64,r6i.large,r6i.large
38,51,c6i.xlarge,c6i.xlarge
17,97,c6i.large,r6i.large
31,52,r6i.xlarge,r6i.xlarge
10,77,m6i.medium,m6i.medium
7,38,c6i.large,c6i.large
24,30,r6i.medium,r6i.medium
53,77,m6i.xlarge,m6i.xlarge
75,88,r6i.large,r6i.xlarge
67,97,c6i.xlarge,c6i.2xlarge
26,98,r6i.medium,r6i.medium
22,97,c6i.medium,r6i.medium
74,87,t3.2xlarge,t3.2xlarge
9,14,t3.small,t3.small
57,22,m6i.small,m6i.small
95,24,t3.medium,c6i.medium
69,63,r6i.small,r6i.small
84,86,c6i.xlarge,c6i.2xlarge
7,5,c6i.small,c6i.small
7,72,r6i.2xlarge,r6i.2xlarge
41,7,c6i.medium,c6i.medium
18,17,m6i.medium,m6i.small
29,84,r6i.large,r6i.large
39,55,t3.large,t3.large
56,63,m6i.medium,m6i.medium
43,92,t3.small,r6i.small
16,56,c6i.xlarge,c6i.xlarge
75,65,t3.small,t3.small
94,26,t3.xlarge,c6i.xlarge
60,87,r6i.2xlarge,r6i.2xlarge
17,72,t3.medium,t3.medium
32,93,c6i.large,r6i.large
10,14,r6i.2xlarge,r6i.large
77,89,t3.medium,t3.large
45,7,m6i.2xlarge,m6i.2xlarge
23,96,c6i.small,r6i.small
43,25,m6i.2xlarge,m6i.2xlarge
54,91,r6i.xlarge,r6i.xlarge
99,22,t3.2xlarge,c6i.2xlarge
49,11,t3.xlarge,t3.xlarge
34,14,r6i.2xlarge,r6i.2xlarge
83,81,c6i.large,c6i.large
8,86,r6i.xlarge,r6i.xlarge
67,34,r6i.2xlarge,r6i.2xlarge
53,60,m6i.2xlarge,m6i.2xlarge
89,53,t3.2xlarge,c6i.2xlarge
42,36,t3.small,t3.small
39,24,c6i.medium,c6i.medium
99,54,r6i.large,c6i.large
18,16,t3.large,t3.small
61,51,r6i.small,r6i.small
21,16,m6i.xlarge,m6i.large
62,76,c6i.small,c6i.small
8,16,r6i.2xlarge,r6i.large
16,81,r6i.xlarge,r6i.xlarge
6,42,c6i.xlarge,c6i.xlarge
15,97,m6i.2xlarge,r6i.2xlarge
71,26,c6i.medium,c6i.medium
22,39,r6i.large,r6i.large
68,23,t3.medium,t3.medium
60,40,c6i.large,c6i.large
66,14,r6i.large,r6i.large
36,97,c6i.2xlarge,r6i.2xlarge
83,30,c6i.small,c6i.small
22,43,t3.xlarge,t3.xlarge
47,84,c6i.large,c6i.large
61,47,c6i.2xlarge,c6i.2xlarge
22,43,r6i.2xlarge,r6i.2xlarge
93,30,c6i.large,c6i.large
27,55,r6i.large,r6i.large
99,93,c6i.2xlarge,c6i.2xlarge
36,46,c6i.large,c6i.large
55,51,t3.2xlarge,t3.2xlarge
30,80,m6i.2xlarge,m6i.2xlarge
8,98,c6i.medium,r6i.medium
61,42,t3.xlarge,t3.xlarge
91,68,m6i.large,m6i.xlarge
35,37,m6i.xlarge,m6i.xlarge
53,14,c6i.2xlarge,c6i.2xlarge
66,79,c6i.2xlarge,c6i.2xlarge
69,93,c6i.2xlarge,c6i.2xlarge
9,51,t3.small,t3.small
36,89,r6i.medium,r6i.medium
87,83,t3.2xlarge,t3.2xlarge
87,91,c6i.large,c6i.xlarge
60,18,t3.small,t3.small
38,33,m6i.xlarge,m6i.xlarge
52,55,c6i.2xlarge,c6i.2xlarge
93,69,m6i.large,m6i.xlarge
8,66,t3.large,t3.large
58,15,t3.medium,t3.medium
49,44,r6i.xlarge,r6i.xlarge
31,71,c6i.large,c6i.large
65,17,c6i.xlarge,c6i.xlarge
45,13,r6i.small,r6i.small
95,19,t3.large,c6i.large
87,18,m6i.medium,c6i.medium
71,27,m6i.large,m6i.large
76,59,c6i.medium,c6i.medium
56,85,m6i.medium,r6i.medium
86,89,c6i.xlarge,c6i.2xlarge
8,99,m6i.xlarge,r6i.xlarge
80,59,c6i.small,c6i.small
95,32,m6i.large,c6i.large
95,13,t3.2xlarge,c6i.2xlarge
28,51,r6i.medium,r6i.medium
63,19,r6i.xlarge,r6i.xlarge
72,86,r6i.2xlarge,r6i.2xlarge
54,83,c6i.2xlarge,c6i.2xlarge
19,49,r6i.xlarge,r6i.xlarge
84,27,r6i.2xlarge,r6i.2xlarge
80,15,m6i.large,m6i.large
20,35,r6i.small,r6i.small
28,52,m6i.2xlarge,m6i.2xlarge
54,58,m6i.2xlarge,m6i.2xlarge
54,59,m6i.xlarge,m6i.xlarge
86,73,m6i.2xlarge,m6i.2xlarge
26,67,r6i.medium,r6i.medium
28,45,c6i.2xlarge,c6i.2xlarge
11,50,t3.xlarge,t3.xlarge
22,29,c6i.2xlarge,c6i.xlarge
69,88,c6i.xlarge,c6i.2xlarge
92,67,c6i.xlarge,c6i.2xlarge
67,26,t3.2xlarge,t3.2xlarge
8,33,r6i.small,r6i.small
40,33,r6i.medium,r6i.medium
63,77,c6i.2xlarge,c6i.2xlarge
70,19,t3.large,t3.large
74,51,t3.xlarge,t3.xlarge
74,32,c6i.small,c6i.small
99,88,m6i.large,m6i.2xlarge
9,62,r6i.large,r6i.large
16,61,t3.medium,t3.medium
31,99,r6i.2xlarge,r6i.2xlarge
85,59,m6i.2xlarge,c6i.2xlarge
22,31,m6i.small,m6i.small
77,49,r6i.2xlarge,r6i.2xlarge
73,26,r6i.large,r6i.large
42,78,r6i.2xlarge,r6i.2xlarge
91,17,m6i.xlarge,c6i.xlarge
12,40,m6i.medium,m6i.medium
36,23,r6i.medium,r6i.medium
91,55,c6i.medium,c6i.medium
78,85,r6i.xlarge,r6i.2xlarge
53,62,t3.small,t3.small
56,70,r6i.large,r6i.large
63,67,r6i.2xlarge,r6i.2xlarge
5,98,t3.xlarge,r6i.xlarge
86,90,r6i.small,r6i.medium
73,55,m6i.xlarge,m6i.xlarge
32,68,r6i.large,r6i.large
41,48,m6i.2xlarge,m6i.2xlarge
67,48,t3.small,t3.small
17,85,c6i.small,r6i.small
20,25,c6i.xlarge,c6i.large
5,59,m6i.medium,m6i.medium
88,43,m6i.large,c6i.large
16,88,r6i.large,r6i.large
15,52,m6i.small,m6i.small
55,85,r6i.medium,r6i.medium
59,88,t3.small,r6i.small
5,32,c6i.small,c6i.small
21,80,m6i.2xlarge,m6i.2xlarge
92,61,t3.small,t3.medium
94,48,t3.xlarge,c6i.xlarge
93,21,c6i.small,c6i.small
34,54,t3.small,t3.small
18,45,r6i.large,r6i.large
22,53,m6i.medium,m6i.medium
13,72,t3.2xlarge,t3.2xlarge
88,26,c6i.large,c6i.large
97,32,m6i.xlarge,c6i.xlarge
83,92,c6i.medium,c6i.large
16,17,m6i.small,m6i.small
80,98,c6i.large,c6i.2xlarge
59,45,m6i.medium,m6i.medium
40,87,t3.medium,r6i.medium
75,81,r6i.small,r6i.small
89,43,m6i.2xlarge,c6i.2xlarge
82,70,m6i.xlarge,m6i.xlarge
42,87,t3.medium,r6i.medium
68,54,t3.medium,t3.medium
68,86,t3.2xlarge,t3.2xlarge
6,51,r6i.medium,r6i.medium
54,77,c6i.large,c6i.large
74,92,m6i.xlarge,m6i.2xlarge
14,7,t3.small,t3.small
38,32,t3.small,t3.small
55,69,r6i.2xlarge,r6i.2xlarge
58,59,c6i.small,c6i.small
86,73,m6i.large,m6i.xlarge
15,44,t3.2xlarge,t3.2xlarge
31,24,r6i.xlarge,r6i.xlarge
80,86,t3.large,t3.xlarge
94,60,m6i.small,m6i.medium
36,16,c6i.small,c6i.small
63,83,t3.large,t3.large
90,99,m6i.small,m6i.large
6,95,m6i.small,r6i.small
25,68,r6i.2xlarge,r6i.2xlarge
71,97,r6i.medium,r6i.xlarge
52,21,r6i.small,r6i.small
8,47,c6i.large,c6i.large
72,13,r6i.2xlarge,r6i.2xlarge
85,14,c6i.xlarge,c6i.xlarge
70,51,t3.xlarge,t3.xlarge
77,26,r6i.medium,r6i.medium
37,18,t3.medium,t3.medium
99,70,t3.small,t3.large
6,36,t3.xlarge,t3.xlarge
51,54,m6i.medium,m6i.medium
9,75,c6i.medium,c6i.medium
46,36,c6i.large,c6i.large
39,14,r6i.small,r6i.small
69,91,t3.medium,t3.large
33,71,t3.xlarge,t3.xlarge
13,64,r6i.large,r6i.large
46,16,c6i.small,c6i.small
52,30,r6i.2xlarge,r6i.2xlarge
43,99,m6i.xlarge,r6i.xlarge
52,80,c6i.medium,c6i.medium
98,74,m6i.medium,m6i.xlarge
5,57,t3.medium,t3.medium
74,49,t3.large,t3.large
5,89,c6i.large,r6i.large
18,31,m6i.xlarge,m6i.xlarge
67,12,m6i.large,m6i.large
16,10,m6i.2xlarge,m6i.large
57,94,r6i.xlarge,r6i.xlarge
15,79,t3.2xlarge,t3.2xlarge
22,86,c6i.small,r6i.small
80,77,t3.xlarge,t3.xlarge
89,21,m6i.large,c6i.large
38,45,c6i.large,c6i.large
45,62,r6i.medium,r6i.medium
14,30,m6i.2xlarge,m6i.2xlarge
18,24,t3.medium,t3.small
62,64,r6i.xlarge,r6i.xlarge
20,73,r6i.medium,r6i.medium
62,44,c6i.large,c6i.large
20,16,m6i.large,m6i.medium
95,94,t3.medium,t3.xlarge
46,23,t3.medium,t3.medium
50,55,t3.large,t3.large
38,27,t3.xlarge,t3.xlarge
62,76,m6i.small,m6i.small
64,18,m6i.small,m6i.small
6,12,m6i.medium,m6i.small
30,56,r6i.small,r6i.small
79,80,r6i.small,r6i.small
7,13,m6i.xlarge,m6i.medium
21,16,r6i.small,r6i.small
10,64,t3.medium,t3.medium
78,60,c6i.xlarge,c6i.xlarge
8,53,c6i.medium,c6i.medium
50,32,m6i.large,m6i.large
40,62,m6i.small,m6i.small
83,84,m6i.large,m6i.large
68,57,c6i.small,c6i.small
16,40,c6i.medium,c6i.medium
58,30,m6i.2xlarge,m6i.2xlarge
7,53,r6i.xlarge,r6i.xlarge
74,67,r6i.2xlarge,r6i.2xlarge
69,46,c6i.large,c6i.large
28,8,r6i.2xlarge,r6i.xlarge
33,8,r6i.small,r6i.small
65,72,r6i.2xlarge,r6i.2xlarge
34,25,t3.medium,t3.medium
89,35,r6i.2xlarge,c6i.2xlarge
99,12,m6i.2xlarge,c6i.2xlarge
54,50,m6i.medium,m6i.medium
35,80,r6i.large,r6i.large
80,8,r6i.2xlarge,r6i.2xlarge
77,23,m6i.xlarge,m6i.xlarge
74,44,m6i.xlarge,m6i.xlarge
9,16,t3.medium,t3.small
82,33,t3.2xlarge,t3.2xlarge
66,5,r6i.2xlarge,r6i.2xlarge
30,21,r6i.medium,r6i.medium
46,12,t3.medium,t3.medium
80,95,m6i.small,m6i.large
72,51,t3.large,t3.large
95,89,c6i.2xlarge,c6i.2xlarge
17,48,r6i.large,r6i.large
22,25,c6i.xlarge,c6i.large
88,45,m6i.2xlarge,c6i.2xlarge
93,83,r6i.medium,r6i.large
90,80,m6i.xlarge,m6i.2xlarge
44,98,r6i.medium,r6i.medium
27,98,t3.2xlarge,r6i.2xlarge
55,77,t3.medium,t3.medium
82,45,m6i.2xlarge,m6i.2xlarge
18,68,m6i.large,m6i.large
14,35,r6i.large,r6i.large
26,86,t3.large,r6i.large
62,6,r6i.medium,r6i.medium
36,93,t3.large,r6i.large
37,18,t3.small,t3.small
54,61,c6i.medium,c6i.medium
57,68,c6i.large,c6i.large
74,53,t3.xlarge,t3.xlarge
78,88,m6i.medium,m6i.large
62,14,t3.large,t3.large
7,45,r6i.small,r6i.small
14,48,m6i.xlarge,m6i.xlarge
25,98,t3.2xlarge,r6i.2xlarge
16,48,c6i.small,c6i.small
60,88,m6i.2xlarge,m6i.2xlarge
60,25,t3.small,t3.small
47,31,m6i.xlarge,m6i.xlarge
94,75,r6i.large,r6i.xlarge
43,35,t3.small,t3.small
55,78,c6i.medium,c6i.medium
11,51,t3.xlarge,t3.xlarge
16,42,c6i.medium,c6i.medium
17,8,m6i.medium,m6i.small
86,42,t3.xlarge,c6i.xlarge
19,44,c6i.xlarge,c6i.xlarge
67,89,r6i.small,r6i.medium
87,74,c6i.medium,c6i.large
52,53,r6i.medium,r6i.medium
62,10,r6i.xlarge,r6i.xlarge
64,38,m6i.large,m6i.large
77,12,m6i.small,m6i.small
15,90,r6i.2xlarge,r6i.2xlarge
57,80,m6i.2xlarge,m6i.2xlarge
12,54,c6i.2xlarge,c6i.2xlarge
92,65,m6i.xlarge,m6i.2xlarge
43,15,c6i.small,c6i.small
69,78,m6i.small,m6i.small
62,27,m6i.medium,m6i.medium
29,21,t3.xlarge,t3.large
15,92,c6i.medium,r6i.medium
85,23,r6i.large,c6i.large
98,13,t3.xlarge,c6i.xlarge
76,55,r6i.large,r6i.large
71,63,t3.2xlarge,t3.2xlarge
80,71,c6i.small,c6i.small
58,24,m6i.2xlarge,m6i.2xlarge
80,79,t3.small,t3.small
77,17,r6i.2xlarge,r6i.2xlarge
49,57,r6i.xlarge,r6i.xlarge
88,67,c6i.small,c6i.medium
27,40,c6i.medium,c6i.medium
84,82,c6i.small,c6i.small
55,47,m6i.small,m6i.small
65,39,r6i.small,r6i.small
48,43,r6i.large,r6i.large
67,94,t3.medium,t3.large
22,43,c6i.large,c6i.large
39,98,c6i.2xlarge,r6i.2xlarge
87,16,m6i.xlarge,c6i.xlarge
32,57,c6i.2xlarge,c6i.2xlarge
52,12,m6i.small,m6i.small
44,95,c6i.medium,r6i.medium
72,77,t3.medium,t3.medium
29,30,t3.medium,t3.medium
9,63,t3.large,t3.large
95,30,r6i.large,c6i.large
64,69,c6i.small,c6i.small
92,8,m6i.large,c6i.large
67,81,c6i.medium,c6i.medium
65,80,r6i.large,r6i.large
25,38,t3.large,t3.large
8,54,t3.medium,t3.medium
78,32,m6i.medium,m6i.medium
91,31,r6i.xlarge,c6i.xlarge
70,7,t3.xlarge,t3.xlarge
21,87,m6i.2xlarge,r6i.2xlarge
6,33,r6i.2xlarge,r6i.2xlarge
44,96,r6i.xlarge,r6i.xlarge
53,49,c6i.large,c6i.large
32,64,r6i.2xlarge,r6i.2xlarge
84,55,t3.small,t3.small
70,89,r6i.2xlarge,r6i.2xlarge
87,81,r6i.large,r6i.xlarge
92,18,c6i.small,c6i.small
48,40,r6i.large,r6i.large
38,88,r6i.medium,r6i.medium
24,71,m6i.small,m6i.small
81,56,r6i.medium,r6i.medium
97,8,c6i.large,c6i.large
38,58,c6i.xlarge,c6i.xlarge
99,9,m6i.large,c6i.large
97,96,m6i.2xlarge,m6i.2xlarge
86,65,r6i.2xlarge,r6i.2xlarge
43,26,m6i.large,m6i.large
17,65,m6i.large,m6i.large
97,76,m6i.large,m6i.2xlarge
88,16,m6i.large,c6i.large
33,44,c6i.large,c6i.large
52,38,r6i.xlarge,r6i.xlarge
20,65,t3.2xlarge,t3.2xlarge
79,84,t3.xlarge,t3.xlarge
29,69,t3.xlarge,t3.xlarge
72,43,c6i.small,c6i.small
24,22,m6i.large,m6i.medium
57,77,c6i.medium,c6i.medium
45,96,m6i.small,r6i.small
67,47,m6i.large,m6i.large
86,12,t3.xlarge,c6i.xlarge
40,31,m6i.2xlarge,m6i.2xlarge
25,67,t3.medium,t3.medium
83,60,c6i.xlarge,c6i.xlarge
59,66,c6i.small,c6i.small
9,73,m6i.large,m6i.large
6,46,m6i.small,m6i.small
91,5,m6i.medium,c6i.medium
93,49,r6i.medium,c6i.medium
18,54,r6i.medium,r6i.medium
13,10,r6i.large,r6i.small
63,98,r6i.xlarge,r6i.2xlarge
92,22,r6i.xlarge,c6i.xlarge
50,29,m6i.xlarge,m6i.xlarge
7,34,m6i.medium,m6i.medium
32,98,t3.2xlarge,r6i.2xlarge
69,26,t3.large,t3.large
96,88,t3.xlarge,t3.2xlarge
86,37,t3.2xlarge,c6i.2xlarge
11,89,t3.small,r6i.small
11,93,t3.xlarge,r6i.xlarge
61,53,t3.2xlarge,t3.2xlarge
37,65,m6i.medium,m6i.medium
93,92,t3.large,t3.xlarge
58,89,t3.2xlarge,r6i.2xlarge
39,84,m6i.xlarge,m6i.xlarge
18,70,t3.large,t3.large
19,18,c6i.medium,c6i.small
82,30,r6i.2xlarge,r6i.2xlarge
30,50,c6i.large,c6i.large
25,10,c6i.medium,c6i.small
93,66,r6i.medium,r6i.large
5,6,t3.small,t3.small
78,90,c6i.medium,c6i.large
16,70,t3.small,t3.small
37,87,m6i.xlarge,r6i.xlarge
42,38,c6i.small,c6i.small
17,27,t3.large,t3.medium
51,91,r6i.xlarge,r6i.xlarge
99,19,t3.small,c6i.small
6,22,m6i.large,m6i.medium
50,61,r6i.small,r6i.small
52,48,m6i.small,m6i.small
56,56,c6i.large,c6i.large
54,93,c6i.xlarge,r6i.xlarge
88,26,t3.medium,c6i.medium
94,97,t3.medium,t3.xlarge
18,58,c6i.2xlarge,c6i.2xlarge
91,61,m6i.2xlarge,m6i.2xlarge
53,50,t3.medium,t3.medium
66,67,t3.xlarge,t3.xlarge
61,10,t3.large,t3.large
88,45,t3.2xlarge,c6i.2xlarge
78,97,m6i.large,m6i.2xlarge
71,71,t3.xlarge,t3.xlarge
89,98,m6i.xlarge,m6i.2xlarge
49,89,c6i.medium,r6i.medium
76,83,t3.small,t3.small
87,25,c6i.xlarge,c6i.xlarge
26,14,c6i.large,c6i.medium
35,47,r6i.small,r6i.small
69,33,c6i.xlarge,c6i.xlarge
35,15,c6i.xlarge,c6i.xlarge
78,62,t3.xlarge,t3.xlarge
62,45,t3.xlarge,t3.xlarge
88,7,t3.xlarge,c6i.xlarge
57,9,t3.small,t3.small
82,84,r6i.2xlarge,r6i.2xlarge
76,31,c6i.large,c6i.large
51,11,m6i.xlarge,m6i.xlarge
47,76,c6i.large,c6i.large
96,62,t3.small,t3.large
89,33,t3.large,c6i.large
50,86,r6i.2xlarge,r6i.2xlarge
71,52,t3.small,t3.small
26,68,m6i.xlarge,m6i.xlarge
18,37,m6i.medium,m6i.medium
20,55,m6i.xlarge,m6i.xlarge
29,96,r6i.small,r6i.small
58,10,t3.xlarge,t3.xlarge
63,89,m6i.xlarge,m6i.2xlarge
5,72,t3.2xlarge,t3.2xlarge
60,79,c6i.2xlarge,c6i.2xlarge
27,93,m6i.medium,r6i.medium
18,54,r6i.2xlarge,r6i.2xlarge
54,58,m6i.large,m6i.large
55,48,r6i.xlarge,r6i.xlarge
22,22,c6i.2xlarge,c6i.xlarge
94,70,r6i.2xlarge,r6i.2xlarge
45,96,m6i.medium,r6i.medium
31,84,r6i.large,r6i.large
91,21,m6i.2xlarge,c6i.2xlarge
74,93,r6i.small,r6i.medium
50,76,c6i.2xlarge,c6i.2xlarge
78,90,c6i.2xlarge,c6i.2xlarge
41,59,t3.2xlarge,t3.2xlarge
18,8,c6i.medium,c6i.small
11,90,t3.medium,r6i.medium
39,25,r6i.large,r6i.large
23,12,r6i.medium,r6i.small
74,9,r6i.xlarge,r6i.xlarge
18,83,m6i.2xlarge,m6i.2xlarge
54,35,r6i.small,r6i.small
53,54,c6i.large,c6i.large
75,11,t3.large,t3.large
30,84,c6i.medium,c6i.medium
86,95,r6i.2xlarge,r6i.2xlarge
74,99,m6i.medium,m6i.xlarge
42,62,m6i.small,m6i.small
28,27,t3.xlarge,t3.large
10,59,r6i.2xlarge,r6i.2xlarge
38,21,m6i.2xlarge,m6i.2xlarge
37,5,r6i.xlarge,r6i.xlarge
95,24,t3.medium,c6i.medium
46,81,t3.2xlarge,t3.2xlarge
89,43,c6i.2xlarge,c6i.2xlarge
75,50,t3.large,t3.large
72,33,m6i.2xlarge,m6i.2xlarge
13,69,m6i.xlarge,m6i.xlarge
74,73,c6i.small,c6i.small
49,33,m6i.large,m6i.large
47,51,r6i.medium,r6i.medium
84,72,c6i.2xlarge,c6i.2xlarge
88,6,t3.large,c6i.large
62,35,m6i.small,m6i.small
92,46,c6i.small,c6i.small
54,37,r6i.small,r6i.small
71,52,c6i.xlarge,c6i.xlarge
10,42,m6i.large,m6i.large
70,15,t3.medium,t3.medium
73,73,t3.small,t3.small
31,90,m6i.xlarge,r6i.xlarge
18,31,c6i.small,c6i.small
92,24,t3.xlarge,c6i.xlarge
96,47,t3.small,c6i.small
14,11,m6i.large,m6i.small
76,14,m6i.large,m6i.large
57,54,c6i.xlarge,c6i.xlarge
60,45,t3.xlarge,t3.xlarge
91,20,t3.2xlarge,c6i.2xlarge
13,79,t3.small,t3.small
50,69,t3.large,t3.large
92,43,t3.large,c6i.large
61,53,c6i.small,c6i.small
65,25,m6i.medium,m6i.medium
55,74,r6i.medium,r6i.medium
43,91,r6i.small,r6i.small
75,76,m6i.small,m6i.small
10,5,c6i.2xlarge,c6i.large
75,15,r6i.medium,r6i.medium
99,97,r6i.medium,r6i.xlarge
57,87,m6i.medium,r6i.medium
28,33,r6i.medium,r6i.medium
19,28,t3.2xlarge,t3.xlarge
64,87,t3.large,t3.xlarge
90,13,r6i.small,c6i.small
30,97,c6i.large,r6i.large
50,21,m6i.small,m6i.small
41,84,t3.medium,t3.medium
45,67,c6i.large,c6i.large
83,89,r6i.2xlarge,r6i.2xlarge
24,77,r6i.large,r6i.large
59,26,t3.large,t3.large
36,33,c6i.large,c6i.large
51,22,r6i.xlarge,r6i.xlarge
64,62,r6i.large,r6i.large
67,75,t3.medium,t3.medium
87,82,t3.large,t3.xlarge
22,73,m6i.large,m6i.large
98,85,t3.small,t3.large
7,69,t3.2xlarge,t3.2xlarge
79,56,m6i.small,m6i.small
75,38,c6i.medium,c6i.medium
51,55,m6i.2xlarge,m6i.2xlarge
98,42,m6i.xlarge,c6i.xlarge
69,70,t3.xlarge,t3.xlarge
51,69,t3.medium,t3.medium
83,92,m6i.2xlarge,m6i.2xlarge
22,62,m6i.medium,m6i.medium
77,77,m6i.xlarge,m6i.xlarge
50,10,m6i.xlarge,m6i.xlarge
34,13,r6i.large,r6i.large
34,10,m6i.2xlarge,m6i.2xlarge
51,54,c6i.xlarge,c6i.xlarge
10,10,r6i.small,r6i.small
95,71,r6i.large,r6i.2xlarge
79,74,m6i.xlarge,m6i.xlarge
88,53,r6i.2xlarge,c6i.2xlarge
88,14,r6i.xlarge,c6i.xlarge
33,71,c6i.large,c6i.large
49,67,c6i.2xlarge,c6i.2xlarge
5,69,m6i.xlarge,m6i.xlarge
26,34,t3.2xlarge,t3.2xlarge
87,40,m6i.medium,c6i.medium
28,25,r6i.2xlarge,r6i.xlarge
96,20,m6i.xlarge,c6i.xlarge
47,97,t3.xlarge,r6i.xlarge
91,66,c6i.medium,c6i.large
80,25,c6i.small,c6i.small
36,10,m6i.2xlarge,m6i.2xlarge
80,25,m6i.2xlarge,m6i.2xlarge
10,78,m6i.small,m6i.small
26,38,m6i.2xlarge,m6i.2xlarge
56,81,t3.large,t3.large
15,32,c6i.2xlarge,c6i.2xlarge
65,66,m6i.medium,m6i.medium
57,81,m6i.2xlarge,m6i.2xlarge
28,84,r6i.medium,r6i.medium
97,92,r6i.xlarge,r6i.2xlarge
81,80,t3.medium,t3.medium
53,54,m6i.small,m6i.small
7,30,c6i.medium,c6i.medium
82,17,m6i.xlarge,m6i.xlarge
83,81,t3.2xlarge,t3.2xlarge
69,20,t3.xlarge,t3.xlarge
89,21,t3.xlarge,c6i.xlarge
71,58,r6i.small,r6i.small
94,72,c6i.medium,c6i.large
66,53,r6i.2xlarge,r6i.2xlarge
99,94,t3.xlarge,t3.2xlarge
22,37,c6i.medium,c6i.medium
15,41,c6i.large,c6i.large
29,5,t3.2xlarge,t3.xlarge
71,20,t3.xlarge,t3.xlarge
88,31,r6i.xlarge,c6i.xlarge
51,18,m6i.xlarge,m6i.xlarge
88,79,r6i.large,r6i.xlarge
73,59,r6i.2xlarge,r6i.2xlarge
40,92,c6i.medium,r6i.medium
57,75,c6i.medium,c6i.medium
52,76,c6i.large,c6i.large
44,78,r6i.xlarge,r6i.xlarge
99,22,t3.medium,c6i.medium
62,94,m6i.small,m6i.medium
32,70,c6i.large,c6i.large
75,83,t3.medium,t3.medium
54,86,t3.small,r6i.small
23,65,c6i.small,c6i.small
13,38,m6i.large,m6i.large
15,82,t3.xlarge,t3.xlarge
56,83,r6i.2xlarge,r6i.2xlarge
12,27,c6i.xlarge,c6i.large
6,30,r6i.medium,r6i.medium
9,81,m6i.2xlarge,m6i.2xlarge
26,91,t3.large,r6i.large
35,88,t3.medium,r6i.medium
16,40,c6i.large,c6i.large
90,55,c6i.2xlarge,c6i.2xlarge
30,71,t3.small,t3.small
16,75,r6i.2xlarge,r6i.2xlarge
79,49,r6i.large,r6i.large
33,82,m6i.xlarge,m6i.xlarge
56,78,t3.large,t3.large
27,57,t3.2xlarge,t3.2xlarge
14,69,r6i.large,r6i.large
19,70,r6i.2xlarge,r6i.2xlarge
78,37,c6i.xlarge,c6i.xlarge
77,66,m6i.large,m6i.large
63,92,c6i.2xlarge,c6i.2xlarge
8,66,t3.large,t3.large
13,53,m6i.medium,m6i.medium
45,57,r6i.2xlarge,r6i.2xlarge
73,6,r6i.medium,r6i.medium
41,16,c6i.large,c6i.large
14,75,m6i.xlarge,m6i.xlarge
45,50,m6i.2xlarge,m6i.2xlarge
39,28,m6i.xlarge,m6i.xlarge
99,30,m6i.medium,c6i.medium
38,31,m6i.medium,m6i.medium
36,84,r6i.medium,r6i.medium
18,20,t3.xlarge,t3.large
83,5,t3.xlarge,t3.xlarge
52,84,r6i.xlarge,r6i.xlarge
78,40,c6i.medium,c6i.medium
70,40,c6i.medium,c6i.medium
78,21,t3.2xlarge,t3.2xlarge
59,66,t3.2xlarge,t3.2xlarge
49,55,m6i.xlarge,m6i.xlarge
20,94,c6i.large,r6i.large
93,6,t3.medium,c6i.medium
53,79,t3.large,t3.large
51,83,r6i.medium,r6i.medium
75,38,m6i.large,m6i.large
65,83,r6i.large,r6i.large
28,68,c6i.medium,c6i.medium
58,94,r6i.large,r6i.large
56,40,c6i.medium,c6i.medium
78,21,m6i.small,m6i.small
97,39,m6i.2xlarge,c6i.2xlarge
60,53,m6i.medium,m6i.medium
99,24,c6i.small,c6i.small
27,58,c6i.medium,c6i.medium
85,71,r6i.xlarge,r6i.2xlarge
43,37,t3.xlarge,t3.xlarge
17,93,m6i.small,r6i.small
32,37,c6i.small,c6i.small
62,47,r6i.large,r6i.large
51,76,r6i.large,r6i.large
7,57,t3.large,t3.large
91,82,m6i.2xlarge,m6i.2xlarge
78,88,m6i.large,m6i.xlarge
50,46,c6i.xlarge,c6i.xlarge
15,53,r6i.xlarge,r6i.xlarge
85,23,m6i.large,c6i.large
58,85,c6i.small,r6i.small
15,25,r6i.medium,r6i.small
45,45,r6i.large,r6i.large
82,87,c6i.large,c6i.xlarge
61,51,c6i.xlarge,c6i.xlarge
26,28,t3.medium,t3.small
98,35,r6i.small,c6i.small
31,26,c6i.small,c6i.small
17,13,c6i.2xlarge,c6i.large
11,8,c6i.2xlarge,c6i.large
15,18,r6i.2xlarge,r6i.large
24,15,c6i.large,c6i.medium
34,36,r6i.xlarge,r6i.xlarge
85,21,m6i.2xlarge,c6i.2xlarge
26,8,t3.large,t3.medium
46,65,c6i.2xlarge,c6i.2xlarge
39,75,c6i.medium,c6i.medium
94,74,m6i.2xlarge,m6i.2xlarge
81,63,c6i.2xlarge,c6i.2xlarge
86,86,r6i.large,r6i.xlarge
66,74,m6i.small,m6i.small
61,44,r6i.xlarge,r6i.xlarge
38,24,r6i.small,r6i.small
5,71,m6i.large,m6i.large
41,65,t3.xlarge,t3.xlarge
66,43,t3.xlarge,t3.xlarge
42,81,m6i.small,m6i.small
75,52,m6i.xlarge,m6i.xlarge
76,60,c6i.medium,c6i.medium
25,96,c6i.xlarge,r6i.xlarge
33,38,t3.xlarge,t3.xlarge
85,35,r6i.large,c6i.large
88,73,r6i.xlarge,r6i.2xlarge
29,13,m6i.medium,m6i.small
42,19,c6i.2xlarge,c6i.2xlarge
62,39,c6i.medium,c6i.medium
46,7,m6i.small,m6i.small
73,7,m6i.small,m6i.small
41,39,m6i.xlarge,m6i.xlarge
98,6,m6i.small,c6i.small
24,6,c6i.medium,c6i.small
48,58,r6i.xlarge,r6i.xlarge
52,64,t3.large,t3.large
15,23,t3.large,t3.medium
55,14,c6i.medium,c6i.medium
29,37,c6i.small,c6i.small
20,96,m6i.xlarge,r6i.xlarge
61,36,t3.medium,t3.medium
63,99,t3.2xlarge,t3.2xlarge
90,31,c6i.xlarge,c6i.xlarge
92,44,r6i.medium,c6i.medium
85,98,t3.2xlarge,t3.2xlarge
71,20,r6i.xlarge,r6i.xlarge
86,43,m6i.large,c6i.large
11,90,m6i.small,r6i.small
35,86,c6i.large,r6i.large
6,26,r6i.2xlarge,r6i.xlarge
20,55,m6i.small,m6i.small
10,79,c6i.2xlarge,c6i.2xlarge
24,52,t3.medium,t3.medium
25,68,t3.2xlarge,t3.2xlarge
48,85,t3.small,r6i.small
50,87,m6i.2xlarge,r6i.2xlarge
18,21,c6i.medium,c6i.small
45,76,r6i.xlarge,r6i.xlarge
98,29,t3.xlarge,c6i.xlarge
50,97,m6i.large,r6i.large
10,67,c6i.2xlarge,c6i.2xlarge
42,74,c6i.medium,c6i.medium
77,28,r6i.large,r6i.large
98,64,r6i.2xlarge,r6i.2xlarge
75,25,t3.2xlarge,t3.2xlarge
24,62,r6i.large,r6i.large
74,51,c6i.small,c6i.small
86,69,c6i.medium,c6i.large
7,84,r6i.2xlarge,r6i.2xlarge
35,46,t3.2xlarge,t3.2xlarge
54,29,c6i.2xlarge,c6i.2xlarge
24,83,r6i.large,r6i.large
57,87,r6i.small,r6i.small
17,71,t3.small,t3.small
21,27,t3.medium,t3.small
18,67,m6i.small,m6i.small
9,78,c6i.xlarge,c6i.xlarge
72,84,r6i.small,r6i.small
51,33,t3.small,t3.small
31,88,c6i.small,r6i.small
64,86,t3.large,t3.xlarge
76,58,r6i.small,r6i.small
83,39,t3.small,t3.small
43,14,m6i.2xlarge,m6i.2xlarge
17,17,m6i.2xlarge,m6i.large
54,29,m6i.2xlarge,m6i.2xlarge
89,36,m6i.2xlarge,c6i.2xlarge
76,58,t3.2xlarge,t3.2xlarge
50,91,c6i.xlarge,r6i.xlarge
18,26,m6i.2xlarge,m6i.xlarge
56,69,r6i.medium,r6i.medium
73,81,c6i.large,c6i.large
45,75,r6i.large,r6i.large
57,86,c6i.large,r6i.large
82,35,m6i.xlarge,m6i.xlarge
75,37,r6i.xlarge,r6i.xlarge
62,55,t3.small,t3.small
41,81,t3.2xlarge,t3.2xlarge
22,43,t3.large,t3.large
33,32,r6i.small,r6i.small
93,40,m6i.small,c6i.small
9,63,r6i.medium,r6i.medium
22,38,r6i.2xlarge,r6i.2xlarge
36,34,r6i.large,r6i.large
16,78,c6i.2xlarge,c6i.2xlarge
32,98,t3.large,r6i.large
66,27,c6i.2xlarge,c6i.2xlarge
17,81,r6i.small,r6i.small
98,78,c6i.small,c6i.large
12,47,r6i.xlarge,r6i.xlarge
58,20,m6i.2xlarge,m6i.2xlarge
6,86,c6i.small,r6i.small
44,72,t3.large,t3.large
74,77,m6i.large,m6i.large
69,94,m6i.medium,m6i.large
11,91,c6i.xlarge,r6i.xlarge
81,78,t3.medium,t3.medium
60,42,c6i.medium,c6i.medium
21,48,t3.xlarge,t3.xlarge
78,11,c6i.large,c6i.large
15,56,c6i.medium,c6i.medium
22,66,m6i.xlarge,m6i.xlarge
55,88,m6i.2xlarge,r6i.2xlarge
83,99,m6i.medium,m6i.xlarge
14,39,c6i.large,c6i.large
92,78,t3.small,t3.medium
90,57,c6i.large,c6i.large
49,29,r6i.large,r6i.large
81,88,t3.large,t3.xlarge
26,49,c6i.2xlarge,c6i.2xlarge
23,61,t3.medium,t3.medium
30,92,r6i.medium,r6i.medium
